{
    "subjNum": 1,
    "subjSex": 1,
    "dataFile": "~\\..\\Assets\\Trials\\test.json",
    "showFeedback": true,
    "feedbackColor": "black",
    "trackHeadPos": true,
    "Trials": [
        {
            "trialNum": 1,
            "trialName": "VRE1P5SN",
            "objData": [
                {
                    "objNum": 1,
                    "objType": "Sphere",
                    "objScale": [
                        0.3330000042915344,
                        0.3330000042915344,
                        0.3330000042915344
                    ],
                    "startPos": [
                        0.0,
                        0.0,
                        18.0
                    ],
                    "endPos": [
                        0.0,
                        0.0,
                        0.0
                    ],
                    "distTraveled": 17.964418411254884,
                    "velocity": 4.0,
                    "timeVisible": 3.0,
                    "rotationSpeedX": 0.0,
                    "rotationSpeedY": 0.0,
                    "rotationSpeedZ": 0.0
                }
            ],
            "trialStart": 0.6261455416679382,
            "trialEnd": 1.6530723571777344,
            "respTime": 1.0269267559051514,
            "response": "right",
            "ttcEstimate": -1.9730732440948487,
            "ttcActual": 0.0
        },
        {
            "trialNum": 2,
            "trialName": "VRE0P75LF",
            "objData": [
                {
                    "objNum": 1,
                    "objType": "Sphere",
                    "objScale": [
                        1.0,
                        1.0,
                        1.0
                    ],
                    "startPos": [
                        0.0,
                        0.0,
                        60.0
                    ],
                    "endPos": [
                        0.0,
                        0.0,
                        0.0
                    ],
                    "distTraveled": 59.881080627441409,
                    "velocity": 16.0,
                    "timeVisible": 3.0,
                    "rotationSpeedX": 0.0,
                    "rotationSpeedY": 0.0,
                    "rotationSpeedZ": 0.0
                }
            ],
            "trialStart": 1.9240775108337403,
            "trialEnd": 2.652778148651123,
            "respTime": 0.7287006378173828,
            "response": "right",
            "ttcEstimate": -2.271299362182617,
            "ttcActual": 0.0
        },
        {
            "trialNum": 8,
            "trialName": "VRE3LF",
            "objData": [
                {
                    "objNum": 1,
                    "objType": "Sphere",
                    "objScale": [
                        1.0,
                        1.0,
                        1.0
                    ],
                    "startPos": [
                        0.0,
                        0.0,
                        24.0
                    ],
                    "endPos": [
                        0.0,
                        0.0,
                        0.0
                    ],
                    "distTraveled": 23.951950073242189,
                    "velocity": 4.0,
                    "timeVisible": 3.0,
                    "rotationSpeedX": 0.0,
                    "rotationSpeedY": 0.0,
                    "rotationSpeedZ": 0.0
                }
            ],
            "trialStart": 2.8168163299560549,
            "trialEnd": 3.4864602088928224,
            "respTime": 0.6696438789367676,
            "response": "right",
            "ttcEstimate": -2.3303561210632326,
            "ttcActual": 0.0
        }
    ]
}
