Subj,Sex,Trial,TrialName,TrialStart,TrialEnd,RespTime,Resp,TTC Estimate
1,1,1,VRE1P5SN,0.6261455,1.653072,1.026927,right,-1.973073
1,1,2,VRE0P75LF,1.924078,2.652778,0.7287006,right,-2.271299
1,1,8,VRE3LF,2.816816,3.48646,0.6696439,right,-2.330356
