	{
    "Items": [
        {
            "trialNum": 2,
            "finalDist": 30.0,
            "startXCoord": 1.4042537212371827,
            "startYCoord": 6.069413185119629,
            "startZCoord": 30.0,
            "velocity": 5.0,
            "timeVisible": 5.0,
            "objType": "Cube",
            "trialStart": 2.5747475624084474,
            "trialEnd": 9.037840843200684,
            "receivedResponse": true,
            "respTime": 0.0,
            "ttcEstimate": 1.4630932807922364,
            "ttcActual": 1.0
        },
        {
            "trialNum": 3,
            "finalDist": 30.0,
            "startXCoord": 1.2277593612670899,
            "startYCoord": 6.065183162689209,
            "startZCoord": 30.0,
            "velocity": 5.0,
            "timeVisible": 5.0,
            "objType": "Cube",
            "trialStart": 9.760695457458496,
            "trialEnd": 15.335382461547852,
            "receivedResponse": true,
            "respTime": 0.0,
            "ttcEstimate": 0.5746870040893555,
            "ttcActual": 1.0
        },
        {
            "trialNum": 4,
            "finalDist": 30.0,
            "startXCoord": 1.232956886291504,
            "startYCoord": 6.064548015594482,
            "startZCoord": 30.0,
            "velocity": 5.0,
            "timeVisible": 5.0,
            "objType": "Cube",
            "trialStart": 16.001583099365236,
            "trialEnd": 25.83136558532715,
            "receivedResponse": true,
            "respTime": 0.0,
            "ttcEstimate": 4.829782485961914,
            "ttcActual": 1.0
        },
        {
            "trialNum": 5,
            "finalDist": 30.0,
            "startXCoord": 1.2537915706634522,
            "startYCoord": 6.065830230712891,
            "startZCoord": 30.0,
            "velocity": 5.0,
            "timeVisible": 5.0,
            "objType": "Cube",
            "trialStart": 26.304447174072267,
            "trialEnd": 32.89520263671875,
            "receivedResponse": true,
            "respTime": 0.0,
            "ttcEstimate": 1.5907554626464844,
            "ttcActual": 1.0
        }
    ]
}
