{
    "subjNum": 1,
    "subjSex": 1,
    "dataFile": "~\\..\\Assets\\Trials\\testSS.json",
    "showFeedback": true,
    "feedbackColor": "black",
    "trackHeadPos": true,
    "Trials": [
        {
            "timestamp": 6.398402214050293,
            "x": 2.3891725540161135,
            "y": 0.8061528205871582,
            "z": -0.5618021488189697,
            "eulerX": 350.9823913574219,
            "eulerY": 76.75355529785156,
            "eulerZ": 359.2630920410156
        }
    ]
}
