{
    "Items": [
        {
            "trialNum": 2,
            "finalDist": 10.0,
            "startXCoord": -0.015315081924200058,
            "startYCoord": 6.565887928009033,
            "startZCoord": 10.0,
            "velocity": 2.0,
            "timeVisible": 5.0,
            "objType": "Soccer Ball",
            "trialStart": 3.0,
            "trialEnd": 7.787725925445557,
            "receivedResponse": true,
            "ttc": 5.0
        },
        {
            "trialNum": 3,
            "finalDist": 90.0,
            "startXCoord": -0.0060277217999100689,
            "startYCoord": 6.577236652374268,
            "startZCoord": 90.0,
            "velocity": 3.0,
            "timeVisible": 20.0,
            "objType": "Soccer Ball",
            "trialStart": 10.800000190734864,
            "trialEnd": 34.019874572753909,
            "receivedResponse": true,
            "ttc": 30.0
        },
        {
            "trialNum": 4,
            "finalDist": 39.0,
            "startXCoord": -0.021968062967061998,
            "startYCoord": 6.572598934173584,
            "startZCoord": 39.0,
            "velocity": 3.0,
            "timeVisible": 3.0,
            "objType": "Soccer Ball",
            "trialStart": 37.03333282470703,
            "trialEnd": 42.20496368408203,
            "receivedResponse": true,
            "ttc": 13.0
        },
        {
            "trialNum": 5,
            "finalDist": 10.0,
            "startXCoord": 0.14458438754081727,
            "startYCoord": 6.568747520446777,
            "startZCoord": 10.0,
            "velocity": 2.0,
            "timeVisible": 5.0,
            "objType": "Soccer Ball",
            "trialStart": 45.222225189208987,
            "trialEnd": 50.04643249511719,
            "receivedResponse": true,
            "ttc": 5.0
        }
    ]
}
