{
    "Items": [
        {
            "trialNum": 1,
            "speed": 3.0,
            "xPos": 0.0,
            "yPos": 5.0,
            "zPos": 30.0,
            "objType": "Sphere",
            "startTime": 0.0,
            "endTime": 3.8488478660583498
        },
        {
            "trialNum": 2,
            "speed": 5.0,
            "xPos": 0.0,
            "yPos": 5.0,
            "zPos": 50.0,
            "objType": "Sphere",
            "startTime": 6.860624313354492,
            "endTime": 12.869630813598633
        },
        {
            "trialNum": 3,
            "speed": 1.0,
            "xPos": 0.0,
            "yPos": 5.0,
            "zPos": 15.0,
            "objType": "Sphere",
            "startTime": 15.89199161529541,
            "endTime": 18.55632781982422
        }
    ]
}
