{
    "Items": [
        {
            "trialNum": 2,
            "finalDist": 10.0,
            "startXCoord": 1.3794893026351929,
            "startYCoord": 6.1758809089660648,
            "startZCoord": 10.0,
            "velocity": 2.0,
            "timeVisible": 5.0,
            "objType": "Soccer Ball",
            "trialStart": 3.5212209224700929,
            "trialEnd": 9.217586517333985,
            "receivedResponse": true,
            "ttc": 5.0
        },
        {
            "trialNum": 3,
            "finalDist": 90.0,
            "startXCoord": 1.3791794776916505,
            "startYCoord": 6.175666332244873,
            "startZCoord": 90.0,
            "velocity": 3.0,
            "timeVisible": 20.0,
            "objType": "Soccer Ball",
            "trialStart": 14.7926664352417,
            "trialEnd": 42.568870544433597,
            "receivedResponse": true,
            "ttc": 30.0
        },
        {
            "trialNum": 4,
            "finalDist": 39.0,
            "startXCoord": 1.3792436122894288,
            "startYCoord": 6.175690650939941,
            "startZCoord": 39.0,
            "velocity": 3.0,
            "timeVisible": 3.0,
            "objType": "Soccer Ball",
            "trialStart": 50.75288391113281,
            "trialEnd": 57.41704559326172,
            "receivedResponse": true,
            "ttc": 13.0
        },
        {
            "trialNum": 5,
            "finalDist": 10.0,
            "startXCoord": 1.3782835006713868,
            "startYCoord": 6.174725532531738,
            "startZCoord": 10.0,
            "velocity": 2.0,
            "timeVisible": 5.0,
            "objType": "Soccer Ball",
            "trialStart": 59.13819122314453,
            "trialEnd": 63.78045654296875,
            "receivedResponse": true,
            "ttc": 5.0
        }
    ]
}
