{
    "Items": [
        {
            "trialNum": 2,
            "finalDist": 10.0,
            "startXCoord": -0.014939464628696442,
            "startYCoord": 6.551201820373535,
            "startZCoord": 10.0,
            "velocity": 2.0,
            "timeVisible": 5.0,
            "objType": "Soccer Ball",
            "trialStart": 3.0,
            "trialEnd": 10.925838470458985,
            "receivedResponse": true,
            "ttc": 5.0
        },
        {
            "trialNum": 3,
            "finalDist": 90.0,
            "startXCoord": 0.005239959806203842,
            "startYCoord": 6.565496444702148,
            "startZCoord": 90.0,
            "velocity": 3.0,
            "timeVisible": 20.0,
            "objType": "Soccer Ball",
            "trialStart": 13.94444465637207,
            "trialEnd": 35.7911376953125,
            "receivedResponse": true,
            "ttc": 30.0
        },
        {
            "trialNum": 4,
            "finalDist": 39.0,
            "startXCoord": 0.10366131365299225,
            "startYCoord": 6.574192523956299,
            "startZCoord": 39.0,
            "velocity": 3.0,
            "timeVisible": 3.0,
            "objType": "Soccer Ball",
            "trialStart": 38.81111145019531,
            "trialEnd": 44.099151611328128,
            "receivedResponse": true,
            "ttc": 13.0
        },
        {
            "trialNum": 5,
            "finalDist": 10.0,
            "startXCoord": -0.041951246559619907,
            "startYCoord": 6.577929973602295,
            "startZCoord": 10.0,
            "velocity": 2.0,
            "timeVisible": 5.0,
            "objType": "Soccer Ball",
            "trialStart": 47.11111068725586,
            "trialEnd": 57.47087860107422,
            "receivedResponse": true,
            "ttc": 5.0
        }
    ]
}
